name,pulled_utc,ok
trump_harris_election_us_5y,2026-09-29 14:12:28,FALSE
trump_kamalaharris_election_us_5y,2026-09-29 14:12:49,FALSE
tariff_all,2026-09-29 14:13:16,TRUE
tariff_gb_all,2026-09-29 14:13:41,TRUE
tariff_us_gb_tw_all,2026-09-29 14:14:01,FALSE
tct_all,2026-09-29 14:14:36,TRUE
harris_us_5y,2026-09-29 14:14:57,TRUE
kamalaharris_us_5y,2026-09-29 14:15:18,TRUE
trump_harris_election_us_5y_repeat,2026-09-29 14:15:39,TRUE
trump_harris_election_us_5y,2026-09-29 14:16:25,TRUE
trump_kamalaharris_election_us_5y,2026-09-29 14:17:26,TRUE
tariff_us_gb_tw_all,2026-09-29 14:18:38,TRUE
trump_harris_election_us_5y_repeat2,2026-09-29 14:20:10,TRUE
