country,continent,incl_gold_musd,excl_gold_musd,last_reported,date_text
China,Asia,3854885,3504805,2026-08-01,1 August 2026
Japan,Asia,1287470,1259248,2026-06-30,30 June 2026
Switzerland,Europe,939140,932282,2026-06-30,30 June 2026
India,Asia,785710,671900,2026-09-04,04 September 2026
Russia,Europe/Asia,761200,434487,2026-08-21,21 August 2026
Taiwan,Asia,597150,544300,2026-06-30,30 June 2026
Saudi Arabia,Asia,487370,494482,2026-05-31,31 May 2026
Hong Kong,Asia,445900,441788,2026-06-30,30 June 2026
South Korea,Asia,427400,423100,2026-06-30,30 June 2026
Singapore,Asia,426830,419329,2026-06-30,30 June 2026
Brazil,Americas,366913,344173,2026-04-30,30 Apr 2026
Germany,Europe,345338,91071,2024-10-01,1 Oct 2024
Thailand,Asia,300180,269687,2026-07-01,1 Jul 2026
Italy,Europe,279631,79064,2024-11-01,1 Nov 2024
France,Europe,272693,66641,2024-11-01,1 Nov 2024
Mexico,Americas,255605,236200,2026-01-30,30 Jan 2026
United States,Americas,253767,242726,2025-08-22,22 Aug 2025
Israel,Asia,231880,NA,2025-10-06,6 Oct 2025
Poland,Europe,223200,188140,2025-01-07,7 Jan 2025
Turkey,Asia,218158,76585,2026-01-30,30 Jan 2026
United Arab Emirates,Asia,210000,199400,2024-11-01,1 Nov 2024
United Kingdom,Europe,189228,161908,2024-11-01,1 Nov 2024
Indonesia,Asia,159246,NA,2024-11-01,1 Nov 2024
Czech Republic,Europe,149416,145012,2024-11-01,1 Nov 2024
Netherlands,Europe,125451,NA,2024-03-01,1 Mar 2024
Canada,Americas,123084,NA,2024-11-01,1 Nov 2024
Malaysia,Asia,119700,113877,2024-10-01,1 Oct 2024
Philippines,Asia,112434,101081,2024-11-01,1 Nov 2024
Spain,Europe,100983,77348,2024-11-01,1 Nov 2024
Iraq,Asia,100000,NA,2024-03-25,25 Mar 2024
Romania,Europe,95127,78224,2026-01-31,31 Jan 2026
Vietnam,Asia,93342,NA,2024-03-01,1 Mar 2024
Denmark,Europe,93196,88450,2024-11-01,1 Nov 2024
Belgium,Europe,82000,67200,2024-03-01,1 Mar 2024
Norway,Europe,80110,NA,2024-10-01,1 Oct 2024
Peru,Americas,73483,NA,2024-03-01,1 Mar 2024
Libya,Africa,70524,NA,2024-03-01,1 Mar 2024
Algeria,Africa,68028,NA,2024-03-01,1 Mar 2024
South Africa,Africa,67450,54862,2025-03-31,31 Mar 2025
Australia,Oceania,65018,57998,2024-11-07,7 Nov 2024
Qatar,Asia,64560,NA,2024-03-01,1 Mar 2024
Sweden,Europe,62438,52395,2024-11-07,7 Nov 2024
Colombia,Americas,57269,NA,2024-03-08,8 Mar 2024
Portugal,Europe,53710,NA,2024-03-01,1 Mar 2024
Kuwait,Asia,46420,NA,2024-03-01,1 Mar 2024
Chile,Americas,42527,NA,2024-03-01,1 Mar 2024
Hungary,Europe,41344,NA,2024-03-01,1 Mar 2024
Ukraine,Europe,40507,NA,2024-03-01,1 Mar 2024
Bangladesh,Asia,37660,NA,2026-07-03,03 Jul 2026
Argentina,Americas,36625,NA,2026-06-01,1 Jun 2026
Serbia,Europe,35770,NA,2026-09-11,11 Sept 2026
Bulgaria,Europe,35395,NA,2024-03-01,1 Mar 2024
Egypt,Africa,35310,NA,2024-03-01,1 Mar 2024
Nigeria,Africa,34980,NA,2024-03-01,1 Mar 2024
Austria,Europe,34856,34671,2024-03-01,1 Mar 2024
Kazakhstan,Asia,34500,NA,2024-03-01,1 Mar 2024
Uzbekistan,Asia,32195,NA,2024-03-01,1 Mar 2024
Morocco,Africa,32037,NA,2024-03-01,1 Mar 2024
New Zealand,Oceania,31712,NA,2024-03-01,1 Mar 2024
Pakistan,Asia,26791,NA,2026-09-19,19 Sep 2026
Iran,Asia,24300,23600,2024-03-01,1 Mar 2024
Macau,Asia,24283,NA,2024-03-01,1 Mar 2024
Guatemala,Americas,21390,NA,2024-03-01,1 Mar 2024
Turkmenistan,Asia,20600,NA,2024-03-01,1 Mar 2024
Cambodia,Asia,18496,NA,2024-03-01,1 Mar 2024
Jordan,Asia,18765,NA,2024-03-01,1 Mar 2024
Nepal,Asia,18400,NA,2024-03-11,11 Mar 2024
Oman,Asia,16163,NA,2024-03-01,1 Mar 2024
Uruguay,Americas,15449,15441,2024-03-01,1 Mar 2024
Lebanon,Asia,14738,NA,2024-03-01,1 Mar 2024
Dominican Republic,Americas,14371,NA,2024-03-01,1 Mar 2024
Angola,Africa,14200,NA,2024-03-15,15 Mar 2024
Costa Rica,Americas,13200,NA,2024-03-01,1 Mar 2024
Ireland,Europe,12599,11874,2024-03-01,1 Mar 2024
Azerbaijan,Asia,11650,NA,2024-03-01,1 Mar 2024
Ivory Coast,Africa,9800,NA,2024-03-01,1 Mar 2024
Paraguay,Americas,9707,9168,2024-03-01,1 Mar 2024
North Korea,Asia,9109,NA,2024-03-01,1 Mar 2024
Bosnia and Herzegovina,Europe,8711,NA,2024-03-01,1 Mar 2024
Belarus,Europe,8697,4333,2024-08-31,31 Aug 2024
Tunisia,Africa,8623,NA,2024-03-21,21 Mar 2024
Finland,Europe,7995,NA,2024-03-01,1 Mar 2024
Slovakia,Europe,7650,NA,2024-03-01,1 Mar 2024
Honduras,Americas,7390,NA,2024-03-21,21 Mar 2024
Tanzania,Africa,7022,NA,2024-03-22,22 Mar 2024
Iceland,Europe,6847,6668,2024-03-15,15 Mar 2024
Myanmar,Asia,6700,NA,2024-03-01,1 Mar 2024
Sri Lanka,Asia,6467,6425,2024-10-31,31 Oct 2024
Panama,Americas,6143,NA,2024-03-01,1 Mar 2024
Venezuela,Americas,5908,NA,2024-03-01,1 Mar 2024
Trinidad and Tobago,Americas,5800,NA,2024-03-18,18 Mar 2024
Moldova,Europe,5600,NA,2024-08-30,30 Aug 2024
Mauritius,Africa,5591,5497,2024-03-01,1 Mar 2024
Bahrain,Asia,5500,NA,2024-03-25,25 Mar 2024
Albania,Europe,5290,5290,NA,31 Apr 2024
Georgia,Europe,5224,NA,2024-03-25,25 Mar 2024
Mongolia,Asia,5120,NA,2024-03-20,20 Mar 2024
Botswana,Africa,5080,NA,2024-03-01,1 Mar 2024
Jamaica,Americas,4921,NA,2024-03-05,5 Mar 2024
Lithuania,Europe,4900,NA,2024-03-01,1 Mar 2024
Vatican City,Europe,4339,NA,2024-03-01,1 Mar 2024
Armenia,Asia,4298,NA,2024-03-25,25 Mar 2024
Nicaragua,Americas,3980,NA,2024-03-01,1 Mar 2024
Greece,Europe,3926,3869,2024-03-01,1 Mar 2024
Latvia,Europe,3913,NA,2024-03-01,1 Mar 2024
Uganda,Africa,3700,NA,2024-03-01,1 Mar 2024
Andorra,Europe,3689,NA,2024-03-20,20 Mar 2024
Brunei,Asia,3664,NA,2024-03-01,1 Mar 2024
Cameroon,Africa,3459,NA,2024-03-01,1 Mar 2024
Ethiopia,Africa,3430,NA,2024-03-01,1 Mar 2024
Ghana,Africa,3368,NA,2024-03-01,1 Mar 2024
Ecuador,Americas,3305,NA,2024-03-01,1 Mar 2024
Kyrgyzstan,Asia,2976,NA,2024-03-01,1 Mar 2024
Croatia,Europe,2935,NA,2024-03-01,1 Mar 2024
Slovenia,Europe,2519,NA,2024-03-01,1 Mar 2024
El Salvador,Americas,2510,NA,2024-03-01,1 Mar 2024
Cuba,Americas,2500,NA,2024-03-15,15 Mar 2024
Kenya,Africa,2490,NA,2024-03-05,5 Mar 2024
Papua New Guinea,Oceania,2339,NA,2024-03-01,1 Mar 2024
Haiti,Americas,2296,NA,2024-03-01,1 Mar 2024
Estonia,Europe,2065,NA,2024-03-01,1 Mar 2024
Namibia,Africa,2019,NA,2024-03-01,1 Mar 2024
Bahamas,Americas,1758,NA,2024-03-01,1 Mar 2024
Bolivia,Americas,1769,NA,2024-03-01,1 Mar 2024
Madagascar,Africa,1620,NA,2024-03-19,19 Mar 2024
Montenegro,Europe,1558,NA,2024-03-01,1 Mar 2024
Mauritania,Africa,1493,NA,2024-03-01,1 Mar 2024
Tajikistan,Asia,1482,NA,2024-03-01,1 Mar 2024
Rwanda,Africa,1458,NA,2024-03-01,1 Mar 2024
Zambia,Africa,6500,NA,2026-06-12,12 JUN 2026
Guinea,Africa,1425,NA,2024-03-15,15 Mar 2024
Gabon,Africa,1377,NA,2024-03-01,1 Mar 2024
Cyprus,Asia,1271,NA,2024-03-01,1 Mar 2024
Luxembourg,Europe,1119,NA,2024-03-05,5 Mar 2024
Laos,Asia,1099,NA,2024-03-01,1 Mar 2024
Curaçao,Americas,1080,NA,2024-03-20,20 Mar 2024
Fiji,Oceania,1065,NA,2024-03-05,5 Mar 2024
Niger,Africa,1053,NA,2024-03-01,1 Mar 2024
Aruba,Americas,1017,NA,2024-03-15,15 Mar 2024
Bhutan,Asia,972,NA,2024-03-10,10 Mar 2024
Kosovo,Europe,950,NA,2024-03-01,1 Mar 2024
Malta,Europe,937,NA,2024-03-20,20 Mar 2024
Lesotho,Africa,785,NA,2024-03-01,1 Mar 2024
Barbados,Americas,770,NA,2024-03-01,1 Mar 2024
San Marino,Europe,716,NA,2024-03-01,1 Mar 2024
Cape Verde,Africa,712,NA,2024-03-01,1 Mar 2024
Gambia,Africa,698,NA,2024-03-01,1 Mar 2024
Palestine,Asia,671,NA,2024-03-01,1 Mar 2024
Timor-Leste,Asia,654,NA,2024-03-01,1 Mar 2024
Suriname,Americas,647,NA,2024-03-08,8 Mar 2024
Maldives,Asia,644,NA,2026-09-01,1 September 2026
Sierra Leone,Africa,624,NA,2024-03-02,2 Mar 2024
Mali,Africa,604,NA,2024-03-01,1 Mar 2024
Guyana,Americas,553,NA,2024-03-10,10 Mar 2024
Solomon Islands,Oceania,551,NA,2024-03-08,8 Mar 2024
Seychelles,Africa,546,NA,2024-03-01,1 Mar 2024
Vanuatu,Oceania,509,NA,2024-03-01,1 Mar 2024
Democratic Republic of the Congo,Africa,505,NA,2024-03-14,14 Mar 2024
Djibouti,Africa,504,NA,2024-03-01,1 Mar 2024
Malawi,Africa,488,NA,2024-03-01,1 Mar 2024
Eswatini,Africa,467,NA,2024-03-01,1 Mar 2024
Afghanistan,Asia,443,NA,2024-10-01,1 Oct 2024
Republic of the Congo,Africa,443,NA,2024-03-01,1 Mar 2024
Syria,Asia,401,NA,2024-03-01,1 Mar 2024
Federated States of Micronesia,Oceania,395,NA,2024-03-01,1 Mar 2024
Central African Republic,Africa,375,NA,2024-03-01,1 Mar 2024
Saint Kitts and Nevis,Americas,365,NA,2024-03-01,1 Mar 2024
Liberia,Africa,342,NA,2024-03-01,1 Mar 2024
Guinea-Bissau,Africa,329,NA,2024-03-01,1 Mar 2024
Antigua and Barbuda,Americas,285,NA,2024-03-01,1 Mar 2024
Belize,Americas,281,NA,2024-03-01,1 Mar 2024
Saint Lucia,Americas,258,NA,2024-03-01,1 Mar 2024
Yemen,Asia,250,NA,2024-03-01,1 Mar 2024
Grenada,Americas,247,NA,2024-03-01,1 Mar 2024
Tonga,Oceania,226,NA,2024-03-01,1 Mar 2024
Togo,Africa,208,NA,2024-03-01,1 Mar 2024
Comoros,Africa,197,NA,2024-03-01,1 Mar 2024
Saint Vincent and the Grenadines,Americas,192,NA,2024-03-01,1 Mar 2024
Eritrea,Africa,189,NA,2024-03-01,1 Mar 2024
Samoa,Oceania,188,NA,2024-03-01,1 Mar 2024
São Tomé and Príncipe,Africa,186,NA,2024-03-01,1 Mar 2024
Sudan,Africa,172,NA,2024-03-01,1 Mar 2024
Dominica,Americas,168,NA,2024-03-01,1 Mar 2024
Senegal,Africa,164,NA,2024-03-01,1 Mar 2024
Zimbabwe,Africa,159,NA,2024-03-01,1 Mar 2024
Chad,Africa,143,NA,2024-03-01,1 Mar 2024
Burundi,Africa,105,NA,2024-03-01,1 Mar 2024
South Sudan,Africa,80,NA,2024-03-02,2 Mar 2024
Benin,Africa,69,NA,2024-03-01,1 Mar 2024
Montserrat,Americas,54,NA,2024-03-01,1 Mar 2024
Equatorial Guinea,Africa,46,NA,2024-03-01,1 Mar 2024
Burkina Faso,Africa,42,NA,2024-03-01,1 Mar 2024
Somalia,Africa,37,NA,2024-03-01,1 Mar 2024
Kiribati,Oceania,8,NA,2024-03-01,1 Mar 2024
Mozambique,Africa,4,NA,2025-07-31,31 Jul 2025
North Macedonia,Europe,4,NA,2025-08-31,31 Aug 2025
