GEOID,NAME,incomeE,incomeM,povE,povM,povdenE,povdenM,pov_rate,pov_moe
48287,"Lee County, Texas",76371,8546,1986,594,17524,58,0.11333028988815338,0.033894295244862774
48037,"Bowie County, Texas",59803,2992,13997,1348,86368,135,0.162062337902927,0.01560557662461955
48273,"Kleberg County, Texas",61292,4466,8077,1250,28749,353,0.2809489025705242,0.04334270825986745
48229,"Hudspeth County, Texas",48600,11506,508,228,2929,13,0.17343803345851827,0.07783846069605907
48419,"Shelby County, Texas",49776,6129,4917,835,23887,91,0.2058441830284255,0.03494745531513912
48301,"Loving County, Texas",51250,617,2,2,33,30,0.06060606060606061,0.025248350936395804
48339,"Montgomery County, Texas",97701,2366,64224,4653,680151,718,0.09442609067692322,0.006840401673618952
48029,"Bexar County, Texas",72341,701,296387,9067,2027961,1300,0.14615024647909897,0.00447001157510295
48245,"Jefferson County, Texas",60026,1694,46448,2562,238359,459,0.19486572774680208,0.01074194060654197
48457,"Tyler County, Texas",55396,6988,3229,569,18037,130,0.1790209014802905,0.031519868109724465
48157,"Fort Bend County, Texas",114041,1899,67161,5682,886828,808,0.07573170896724055,0.006406733320130828
48139,"Ellis County, Texas",99595,3164,14539,2156,210653,284,0.06901871798645165,0.010234418191463755
48499,"Wood County, Texas",60300,4634,5625,941,44988,182,0.12503334222459322,0.020910571850033675
48041,"Brazos County, Texas",58553,2259,54295,2850,223745,441,0.24266464055062684,0.012728731938651542
48459,"Upshur County, Texas",66208,4679,5179,846,41908,115,0.12358022334637778,0.020184227882628317
48343,"Morris County, Texas",58645,3609,2303,489,11834,132,0.19460875443636977,0.04126455957805107
48393,"Roberts County, Texas",67868,8541,47,33,832,126,0.056490384615384616,0.038729853742339976
48289,"Leon County, Texas",61449,5115,2654,528,16183,17,0.16399925848112218,0.032626375781550455
48349,"Navarro County, Texas",63111,4150,9106,1193,53199,110,0.17116863098930432,0.022422440454586433
48185,"Grimes County, Texas",69803,4947,4044,894,27762,680,0.1456667387075859,0.03200401980690196
48467,"Van Zandt County, Texas",69475,3694,6869,1266,61897,95,0.1109746837488085,0.020452624563268934
48125,"Dickens County, Texas",49335,5467,307,91,1707,155,0.17984768599882836,0.05074697914425231
48105,"Crockett County, Texas",81022,32122,258,156,2767,282,0.09324177809902422,0.05557212113393547
48415,"Scurry County, Texas",60039,7010,1692,577,14591,88,0.11596189431841546,0.03953873996312938
48379,"Rains County, Texas",65413,5361,1268,368,12697,18,0.09986611010474915,0.02898287859968005
48261,"Kenedy County, Texas",38882,4589,22,18,144,90,0.1527777777777778,0.08066847330200654
48213,"Henderson County, Texas",65179,3668,12286,1433,83393,108,0.14732651421582146,0.01718263717828061
48355,"Nueces County, Texas",66897,1922,60147,3675,345578,341,0.17404753774835205,0.010632970629477776
48427,"Starr County, Texas",37639,4431,21981,2118,65584,20,0.3351579653574042,0.032294300328059945
48409,"San Patricio County, Texas",69704,4048,10250,1608,69345,140,0.14781166630615042,0.023186485535988285
48039,"Brazoria County, Texas",97993,3188,27893,2200,377608,484,0.07386760873710303,0.0058253783839969184
48443,"Terrell County, Texas",44886,18616,64,59,835,282,0.07664670658682635,0.06574641920657194
48211,"Hemphill County, Texas",61563,22132,197,103,3182,22,0.061910747957259586,0.03236674860347352
48067,"Cass County, Texas",53813,4921,4935,776,28173,53,0.17516771376850176,0.027542131219164212
48387,"Red River County, Texas",48491,3389,1785,365,11429,11,0.15618164318838043,0.03193594862219835
48219,"Hockley County, Texas",63140,4743,2719,569,20814,69,0.1306332276352455,0.027333938756157274
48127,"Dimmit County, Texas",38808,8956,3390,732,8247,7,0.411058566751546,0.08875886317328646
48471,"Walker County, Texas",52324,4014,11582,1504,63074,210,0.183625582648952,0.02383716867748333
48089,"Colorado County, Texas",66377,6733,2199,506,20599,34,0.10675275498810621,0.024563667270022117
48131,"Duval County, Texas",49038,8942,3013,761,9056,98,0.33270759717314485,0.08395551951572484
48475,"Ward County, Texas",65952,17987,1644,514,11016,17,0.14923747276688454,0.04665883612197867
48225,"Houston County, Texas",56531,3782,2914,549,19385,105,0.15032241423781273,0.028309159593121518
48347,"Nacogdoches County, Texas",53555,3013,13099,1123,60090,156,0.2179896821434515,0.018680063165725458
48153,"Floyd County, Texas",58462,8910,925,275,5157,52,0.17936784952491758,0.0532948964855555
48469,"Victoria County, Texas",70896,2738,14569,1965,89677,325,0.16246083165137104,0.02190406128705209
48223,"Hopkins County, Texas",70888,5106,4421,783,37224,23,0.11876746185256823,0.02103468823957195
48025,"Bee County, Texas",57673,5833,4236,767,24074,300,0.1759574644845061,0.03178455411914427
48119,"Delta County, Texas",66575,11689,612,192,5385,2,0.11364902506963788,0.035654571115549705
48455,"Trinity County, Texas",52018,4911,2433,548,13813,91,0.17613842032867588,0.03965579798211923
48015,"Austin County, Texas",75789,8661,3689,678,30860,60,0.1195398574206092,0.021968958570191977
48151,"Fisher County, Texas",65533,2822,495,115,3607,18,0.13723315774882175,0.03187509483200211
48407,"San Jacinto County, Texas",65364,6756,5148,862,28025,270,0.18369313113291705,0.030707296143660003
48405,"San Augustine County, Texas",50408,7814,2070,431,7628,41,0.27136864184583115,0.05648353011161626
48477,"Washington County, Texas",77825,5635,4574,680,34079,282,0.13421755333196397,0.019922703722285984
48435,"Sutton County, Texas",78906,19411,147,93,3260,17,0.045092024539877304,0.028526638249576325
48071,"Chambers County, Texas",109804,10467,6054,1417,51085,164,0.11850836840559852,0.027735474352852306
48377,"Presidio County, Texas",43802,8138,1896,757,5925,10,0.32,0.1277625715492817
48087,"Collingsworth County, Texas",61280,6323,550,197,2528,158,0.2175632911392405,0.07673169662563378
48269,"King County, Texas",46645,20375,50,36,211,83,0.23696682464454977,0.14290180822221973
48345,"Motley County, Texas",61154,11948,190,60,1183,136,0.16060862214708369,0.047238252937851215
48061,"Cameron County, Texas",52601,1632,104877,4334,422446,340,0.2482613162392353,0.010257353484257957
48473,"Waller County, Texas",80397,5053,8324,1209,56878,202,0.14634832448398327,0.02124966626514613
48161,"Freestone County, Texas",59960,5424,2285,499,18582,48,0.1229684641050479,0.026852065957176135
48453,"Travis County, Texas",99611,1578,142566,7449,1304589,833,0.1092803940551392,0.005709417877440872
48495,"Winkler County, Texas",86900,18475,1196,372,7373,6,0.1622134816221348,0.050454187817415876
48491,"Williamson County, Texas",111340,1581,42919,3486,667407,478,0.0643070869799088,0.0052229965724119466
48423,"Smith County, Texas",74192,2224,27158,2632,234771,456,0.11567868263115973,0.011208672941068254
48461,"Upton County, Texas",49167,22121,494,168,3080,45,0.1603896103896104,0.05449509427767898
48373,"Polk County, Texas",62259,3861,8538,1101,48887,117,0.17464765684128705,0.022517445650286672
48241,"Jasper County, Texas",56723,6933,6520,943,31431,114,0.20743851611466388,0.029992791774736568
48449,"Titus County, Texas",58425,4968,5314,767,31076,64,0.17100012871669457,0.0246789135746046
48389,"Reeves County, Texas",64297,10908,1957,555,11680,211,0.1675513698630137,0.04742062129509803
48437,"Swisher County, Texas",36165,14512,1901,436,6316,56,0.3009816339455352,0.06897943110047952
48173,"Glasscock County, Texas",101250,53302,95,73,1068,146,0.08895131086142322,0.06726171449444372
48361,"Orange County, Texas",72104,2537,10594,1360,84456,156,0.12543809794449182,0.016101392598270807
48167,"Galveston County, Texas",86105,2507,41318,2713,352806,359,0.11711252076211856,0.007688855084464362
48007,"Aransas County, Texas",69466,8686,3513,708,24666,15,0.14242276818292388,0.02870334780104311
48465,"Val Verde County, Texas",66100,5286,7625,1111,46005,120,0.1657428540376046,0.024145678900908206
48403,"Sabine County, Texas",66585,7963,1088,335,9874,36,0.11018837350617784,0.033925107714417424
48315,"Marion County, Texas",49672,3965,1763,415,9622,3,0.18322594055289962,0.043130288502272636
48257,"Kaufman County, Texas",89485,5546,16548,2406,170891,251,0.09683365420063081,0.014078431467406576
48277,"Lamar County, Texas",61880,4398,9460,1138,49872,138,0.1896855951235162,0.022812377668516716
48005,"Angelina County, Texas",60960,3197,13351,1625,84720,205,0.15758970727101038,0.01917704011886194
48507,"Zavala County, Texas",36749,5834,3174,892,9357,4,0.33921128566848346,0.09532958940179756
48401,"Rusk County, Texas",68658,4537,6899,1056,47865,120,0.14413454507468923,0.02205909003154065
48003,"Andrews County, Texas",72242,9282,2872,862,18419,17,0.15592594603398666,0.04679927924077887
48395,"Robertson County, Texas",72236,7168,2291,465,16957,8,0.13510644571563366,0.027422229393533355
48371,"Pecos County, Texas",72750,12336,2741,962,12708,115,0.21569090336795718,0.07567517820607284
48051,"Burleson County, Texas",70000,8319,2367,538,18650,50,0.12691689008042895,0.028845178192330442
48239,"Jackson County, Texas",65414,3937,2101,612,14951,8,0.1405257173433215,0.0409336477460571
48351,"Newton County, Texas",42618,5785,2260,490,11921,54,0.18958141095545675,0.04109496226688656
48103,"Crane County, Texas",62212,14766,485,360,4454,73,0.10889088459811405,0.08080651759518012
48237,"Jack County, Texas",68079,9113,1011,299,7806,29,0.12951575710991545,0.03830084658117808
48327,"Menard County, Texas",53043,18990,360,173,1909,9,0.1885804085908853,0.09061900181142944
48053,"Burnet County, Texas",78732,5425,4099,596,51473,136,0.0796339828648029,0.011576974163529652
48463,"Uvalde County, Texas",53801,6171,5324,1222,24010,84,0.22174094127446897,0.05088954757436716
48311,"McMullen County, Texas",43875,13683,86,94,700,280,0.12285714285714286,0.12497052713764643
48187,"Guadalupe County, Texas",92375,3124,16914,2064,181649,99,0.09311364224410815,0.011362459548861777
48203,"Harrison County, Texas",66103,3000,10574,1280,67667,489,0.156265240072709,0.01888242546207186
48391,"Refugio County, Texas",60181,5864,958,292,6550,17,0.14625954198473282,0.04457853645358023
48057,"Calhoun County, Texas",79959,8800,1503,531,19612,12,0.07663675300836223,0.02707521943883326
48133,"Eastland County, Texas",53549,6005,2780,472,17155,26,0.16205187991839115,0.02751274813252892
48155,"Foard County, Texas",61563,25735,52,42,933,168,0.055734190782422297,0.043883153440778276
48073,"Cherokee County, Texas",61261,4398,8839,1245,48681,128,0.18156981163082106,0.025570203096931872
48063,"Camp County, Texas",58843,6940,2535,551,12727,9,0.19918283963227784,0.0432935557366004
48141,"El Paso County, Texas",59806,1141,160597,5237,856719,507,0.18745586359121252,0.006111849443700109
48001,"Anderson County, Texas",62068,4521,8373,1207,48218,210,0.17364884482973164,0.02502071859704096
48199,"Hardin County, Texas",75808,5192,6902,1147,57095,114,0.12088624222786584,0.020087874743956565
48243,"Jeff Davis County, Texas",59286,31477,442,244,1850,341,0.23891891891891892,0.12432246638915448
48329,"Midland County, Texas",92874,5211,19655,2733,173205,344,0.11347824831846656,0.015777380553612285
48323,"Maverick County, Texas",49568,4673,13119,1942,57580,136,0.22783952761375478,0.033722695025280296
48503,"Young County, Texas",68010,9174,2934,682,17779,9,0.16502615445188143,0.03835977179546814
48043,"Brewster County, Texas",56212,9462,808,240,9051,22,0.08927190365705447,0.02651551916698791
48333,"Mills County, Texas",67620,10934,311,100,4320,40,0.07199074074074074,0.02313854862666763
48215,"Hidalgo County, Texas",54338,1156,235512,8160,883207,528,0.26665549525762366,0.009237681841587096
48481,"Wharton County, Texas",66924,3866,5589,1027,41070,119,0.13608473338203067,0.025002978212128737
48169,"Garza County, Texas",46314,16002,315,151,3741,225,0.08420208500400962,0.04004457975842301
48135,"Ector County, Texas",71536,3707,26727,3012,162467,351,0.16450725378076778,0.01853574247322481
48055,"Caldwell County, Texas",69758,5400,6133,1164,46527,226,0.1318159348335375,0.025009536887716566
48445,"Terry County, Texas",44100,2716,1991,446,10860,75,0.18333333333333332,0.04104861842883769
48497,"Wise County, Texas",93421,4689,6536,1149,73520,250,0.08890097932535365,0.015625476429560973
48069,"Castro County, Texas",56776,10779,1390,307,7243,5,0.19190942979428413,0.04238554472385563
48309,"McLennan County, Texas",66643,1952,42565,2647,256700,300,0.16581612777561355,0.010309826776529073
48331,"Milam County, Texas",66141,6831,3241,654,25039,18,0.12943807660050322,0.026119088216782365
48091,"Comal County, Texas",101889,2995,11813,1489,182313,226,0.06479515997213584,0.00816687779164216
48183,"Gregg County, Texas",66550,2015,19597,1862,121689,194,0.1610416718027102,0.01529914683787472
48195,"Hansford County, Texas",69441,9481,433,151,5048,11,0.08577654516640254,0.029912252783746117
48353,"Nolan County, Texas",50747,3546,3165,650,14061,74,0.22509067633880947,0.046211972474180456
48031,"Blanco County, Texas",92425,6033,1038,361,12301,68,0.08438338346475896,0.029343500041086306
48297,"Live Oak County, Texas",57150,13763,1717,415,10063,52,0.1706250621087151,0.04123076062838068
48179,"Gray County, Texas",59614,5857,3036,533,19315,85,0.1571835361118302,0.027586462334140673
48123,"DeWitt County, Texas",63730,7622,3203,515,18199,75,0.1759986812462223,0.02828896146463629
48285,"Lavaca County, Texas",63240,5166,2304,386,20119,21,0.11451861424524082,0.019185471859768464
48247,"Jim Hogg County, Texas",42211,3821,1451,515,4617,58,0.31427333766515053,0.11147440363543333
48045,"Briscoe County, Texas",45417,13842,217,83,1292,136,0.16795665634674922,0.061760817494143014
48383,"Reagan County, Texas",57813,16497,380,219,3224,3,0.11786600496277916,0.06792795115993801
48283,"La Salle County, Texas",57716,17385,1222,572,5698,122,0.21446121446121447,0.10028102619347355
48205,"Hartley County, Texas",75841,15329,358,197,3817,56,0.09379093528949436,0.05159286635178383
48033,"Borden County, Texas",65625,21776,53,35,713,135,0.07433380084151472,0.04702741360352536
48321,"Matagorda County, Texas",58628,4363,7453,1275,35957,47,0.2072753566760297,0.03545798541706368
48337,"Montague County, Texas",64545,5667,2947,506,20767,15,0.1419078345451919,0.024365364409643864
48077,"Clay County, Texas",80114,7097,870,225,10375,55,0.08385542168674699,0.02168219047424955
48295,"Lipscomb County, Texas",72560,7053,328,88,2861,16,0.11464522894092974,0.03075179310144096
48079,"Cochran County, Texas",45313,11121,678,167,2442,30,0.27764127764127766,0.06830145677972273
48487,"Wilbarger County, Texas",54102,9748,2121,595,12148,20,0.17459664142245637,0.04897841234716677
48117,"Deaf Smith County, Texas",60799,5480,3213,891,18187,71,0.17666465057458625,0.04898618278309373
48489,"Willacy County, Texas",54180,8228,4393,917,18332,176,0.23963560986253546,0.04996888406113959
48479,"Webb County, Texas",63058,2420,56731,3605,266254,369,0.21307097733742966,0.013536482202729166
48201,"Harris County, Texas",74983,639,777921,15551,4786324,2391,0.16252994991563463,0.003248034128193415
48165,"Gaines County, Texas",74132,12194,1506,466,22037,15,0.06833961065480783,0.021146202863886753
48369,"Parmer County, Texas",69735,9395,977,276,9611,40,0.10165435438559983,0.028713978346506325
48147,"Fannin County, Texas",72295,5678,4715,654,34296,143,0.13747958945649638,0.01906066143514757
48111,"Dallam County, Texas",71500,9289,833,398,7261,5,0.11472249001514943,0.054813329657616386
48085,"Collin County, Texas",121600,1883,71971,4097,1154388,547,0.062345589177988686,0.003548943736704064
48431,"Sterling County, Texas",64954,18855,62,42,1434,172,0.043235704323570434,0.02882594050198099
48209,"Hays County, Texas",89097,2532,31591,2368,260378,715,0.12132745470047393,0.009088365706921548
48121,"Denton County, Texas",111498,1485,68444,3720,967766,338,0.07072370800379431,0.003843825050712012
48303,"Lubbock County, Texas",64155,1951,52494,2912,306150,371,0.17146496815286624,0.009509407444610476
48399,"Runnels County, Texas",62632,4391,1060,274,9651,31,0.10983317790902497,0.02838864825762544
48259,"Kendall County, Texas",114962,8014,2405,685,47818,90,0.050294868041323354,0.014324836755253747
48325,"Medina County, Texas",78074,4066,4918,1125,51049,189,0.09633881172990656,0.02203476351246002
48249,"Jim Wells County, Texas",51896,6825,9492,1223,38498,24,0.246558262766897,0.03176751219443357
48193,"Hamilton County, Texas",58219,7670,1347,424,8180,42,0.16466992665036675,0.05182684467811001
48293,"Limestone County, Texas",60573,2038,3669,483,21500,107,0.17065116279069767,0.022449057011691455
48191,"Hall County, Texas",48459,7802,451,150,2775,7,0.16252252252252253,0.05405249935908825
48305,"Lynn County, Texas",73679,7427,867,249,5701,10,0.15207858270478863,0.04367573334520318
48107,"Crosby County, Texas",52188,7439,991,228,4935,39,0.20081053698074974,0.04617334460613506
48137,"Edwards County, Texas",40313,21695,398,304,1249,283,0.31865492393915135,0.23243917316051502
48027,"Bell County, Texas",68865,1892,54547,3503,376070,801,0.14504480548833992,0.009309630748838216
48021,"Bastrop County, Texas",86226,5870,10513,1756,103305,329,0.10176661342626205,0.016995119132398737
48441,"Taylor County, Texas",67139,3057,20529,1877,139904,186,0.14673633348581885,0.0134149242315202
48291,"Liberty County, Texas",68703,4468,18229,2711,97711,297,0.18656036679595953,0.027739289453480694
48197,"Hardeman County, Texas",63333,15015,366,111,3427,50,0.10679894951852932,0.03235234300405757
48483,"Wheeler County, Texas",60167,10942,732,195,4753,36,0.15400799495055753,0.04101013376585688
48017,"Bailey County, Texas",61420,15970,811,291,6745,344,0.12023721275018533,0.04270504279811963
48439,"Tarrant County, Texas",84207,832,237215,7971,2136011,1124,0.11105513969731429,0.0037312647508620533
48485,"Wichita County, Texas",63524,2811,19500,1940,118245,459,0.16491183559558545,0.016394120008973508
48307,"McCulloch County, Texas",54043,13471,1129,322,7363,54,0.15333423876137445,0.04371771343143199
48177,"Gonzales County, Texas",58672,4856,3091,575,19542,11,0.15817214205301403,0.029423670433957695
48221,"Hood County, Texas",88160,6107,4978,816,64987,81,0.07659993537168973,0.0125559944421704
48501,"Yoakum County, Texas",84925,12867,1258,689,7497,4,0.16780045351473924,0.09190338442953552
48227,"Howard County, Texas",69649,3878,4006,570,28984,456,0.13821418713773115,0.019545434294491185
48099,"Coryell County, Texas",71301,2442,7618,1066,68170,651,0.11175003667302333,0.015600919938975093
48451,"Tom Green County, Texas",68370,2936,12762,1646,114838,314,0.11113046204218116,0.014330013360484305
48149,"Fayette County, Texas",75854,3307,2120,416,24569,70,0.08628759819284464,0.016930121197322918
48447,"Throckmorton County, Texas",59216,5647,397,130,1639,148,0.2422208663819402,0.07624129325364563
48009,"Archer County, Texas",72159,8735,808,183,8808,14,0.09173478655767484,0.02077605510966245
48013,"Atascosa County, Texas",70770,4131,7970,1425,50338,178,0.15832969128690055,0.028303096740285888
48143,"Erath County, Texas",65115,4506,6687,727,40379,112,0.16560588424676193,0.017998547683076217
48375,"Potter County, Texas",53249,2372,22778,1957,109370,185,0.20826552070951815,0.017889921234982984
48341,"Moore County, Texas",61762,4676,3867,1039,21154,77,0.1828023068923135,0.04911149902303435
48233,"Hutchinson County, Texas",67228,8462,2652,544,19904,35,0.13323954983922828,0.027330185462270683
48319,"Mason County, Texas",74180,6905,276,106,3947,11,0.06992652647580441,0.026855132792758005
48019,"Bandera County, Texas",75813,6485,2918,718,21663,185,0.13469971841388542,0.03312410253192038
48279,"Lamb County, Texas",60760,4148,1887,433,12556,85,0.15028671551449507,0.03447049411955872
48175,"Goliad County, Texas",59359,7643,918,222,7046,40,0.13028668748225944,0.031498555459147294
48023,"Baylor County, Texas",45370,9031,744,204,3415,4,0.2178623718887262,0.05973591175919821
48317,"Martin County, Texas",93734,17711,428,206,5145,40,0.08318756073858115,0.040033648940554604
48275,"Knox County, Texas",56667,6490,502,146,3189,16,0.15741611790529947,0.045775564000410524
48425,"Somervell County, Texas",79825,23833,716,190,9530,5,0.0751311647429171,0.01993700195575308
48163,"Frio County, Texas",66010,6533,3182,783,16306,401,0.19514289218692507,0.04777872904656433
48313,"Madison County, Texas",74596,7602,1241,361,11393,323,0.10892653383656631,0.03153527764637861
48411,"San Saba County, Texas",55819,7549,546,192,5087,64,0.10733241596225673,0.03771910320647707
48263,"Kent County, Texas",72889,17672,67,41,680,117,0.09852941176470588,0.05786174333125317
48075,"Childress County, Texas",58654,17186,815,348,5311,39,0.15345509320278666,0.06551469302897085
48433,"Stonewall County, Texas",56875,23710,176,89,1181,116,0.14902624894157493,0.07392461615273194
48109,"Culberson County, Texas",58777,24616,424,307,2177,18,0.19476343592099218,0.14101055704770524
48413,"Schleicher County, Texas",86694,15077,234,113,2358,3,0.09923664122137404,0.04792180145287282
48011,"Armstrong County, Texas",72750,13280,92,50,1771,126,0.05194805194805195,0.027989677486772075
48095,"Concho County, Texas",65795,12568,281,116,2466,95,0.11394971613949716,0.046834462995726134
48421,"Sherman County, Texas",61250,21618,234,137,2259,228,0.10358565737051793,0.059738346488384275
48365,"Panola County, Texas",64894,8447,2495,587,22290,29,0.11193360251233737,0.026334276564993105
48265,"Kerr County, Texas",69395,3840,5834,893,51367,98,0.11357486323904452,0.017383351824014612
48251,"Johnson County, Texas",84859,2719,19224,1892,192263,287,0.09998803721984989,0.009839554997573986
48035,"Bosque County, Texas",68914,4001,1700,317,18292,70,0.09293680297397769,0.01732633053813514
48081,"Coke County, Texas",43333,11825,735,151,3216,15,0.228544776119403,0.04694063429172314
48217,"Hill County, Texas",64591,2693,5363,734,36541,50,0.14676664568566816,0.020086021612943004
48363,"Palo Pinto County, Texas",67674,3848,4858,733,29008,18,0.16747104247104247,0.025268677655074033
48335,"Mitchell County, Texas",60550,10400,1052,380,7622,56,0.13802151666229337,0.04984536680711488
48189,"Hale County, Texas",51897,4443,6194,919,30162,57,0.2053577348982163,0.03046633017156256
48159,"Franklin County, Texas",72360,6650,1227,369,10518,22,0.11665715915573303,0.03508186678253907
48101,"Cottle County, Texas",59063,28606,233,99,1363,210,0.17094644167278064,0.06769040040610184
48171,"Gillespie County, Texas",76162,7606,2503,587,27121,65,0.09229010729692858,0.02164261444956607
48093,"Comanche County, Texas",59635,8590,2223,389,13754,49,0.16162570888468808,0.028276819352857977
48049,"Brown County, Texas",57470,4278,5600,822,36559,144,0.15317705626521513,0.02247610716861556
48267,"Kimble County, Texas",69455,13799,505,174,4323,46,0.11681702521397178,0.04023062802002834
48429,"Stephens County, Texas",58008,10198,1293,331,8828,51,0.14646579066606252,0.03748478742614527
48235,"Irion County, Texas",70357,19271,152,79,1409,148,0.1078779276082328,0.054911156516183876
48065,"Carson County, Texas",85231,6307,425,170,5711,56,0.0744177902293819,0.02975817060910505
48129,"Donley County, Texas",58750,10089,224,77,2848,30,0.07865168539325842,0.027023819890768498
48181,"Grayson County, Texas",72182,1791,15664,1732,140436,207,0.11153835198951836,0.01233192417086695
48493,"Wilson County, Texas",94565,5242,5904,1086,52217,112,0.11306662581151732,0.020796410468098
48253,"Jones County, Texas",59464,8588,2035,382,14483,199,0.14050956293585584,0.026304997218168206
48417,"Shackelford County, Texas",73047,13485,299,104,3139,12,0.0952532653711373,0.03312956940899231
48385,"Real County, Texas",39605,34535,484,251,2708,3,0.17872968980797638,0.09268811938431933
48255,"Karnes County, Texas",60214,9628,2223,621,11611,163,0.19145637757299114,0.05341618851810374
48505,"Zapata County, Texas",39239,4265,5190,818,13518,111,0.38393253439857966,0.06042973214500418
48357,"Ochiltree County, Texas",70183,9262,1151,396,9714,35,0.1184887790817377,0.040763669356438825
48097,"Cooke County, Texas",73932,4874,5737,879,42401,56,0.13530341265536192,0.02072987293964249
48115,"Dawson County, Texas",54360,12783,2014,580,10289,65,0.19574302653319078,0.05635731650478221
48381,"Randall County, Texas",83864,2804,13930,1798,143256,197,0.09723851007985704,0.012550245383514558
48207,"Haskell County, Texas",60653,10160,865,188,5226,128,0.1655185610409491,0.03574481481681599
48281,"Lampasas County, Texas",81736,7326,2052,351,22500,23,0.0912,0.0155997214330456
48271,"Kinney County, Texas",70000,8852,236,179,2814,14,0.08386638237384506,0.06360915038279576
48359,"Oldham County, Texas",79900,7717,363,183,1755,228,0.20683760683760682,0.10075168356826415
48113,"Dallas County, Texas",76547,806,360341,11118,2588967,1405,0.13918331133614295,0.004293712549133515
48083,"Coleman County, Texas",49159,3270,1526,479,7769,38,0.1964216758913631,0.06164781083108446
48367,"Parker County, Texas",104443,3349,13026,1635,163184,218,0.07982400235317189,0.010018797142164875
48299,"Llano County, Texas",67530,7397,2662,444,22175,59,0.12004509582863584,0.020020000240024236
48047,"Brooks County, Texas",47764,16489,1278,421,6587,141,0.19401852132989222,0.06377869173289205
48397,"Rockwall County, Texas",127981,4257,4949,843,122551,217,0.04038318740769149,0.006878397168708603
48059,"Callahan County, Texas",72436,8036,1350,384,14048,74,0.09609908883826879,0.02733016419637464
48145,"Falls County, Texas",57247,3673,2250,456,15293,111,0.14712613614071798,0.0297984352453574
48231,"Hunt County, Texas",71938,2536,12424,1575,105429,198,0.1178423393942843,0.014937324257652618
